Site_YR,hostcode,site,state,species,sex,svl,stage,P-ACSP,P-CLSP,P-MEMO,P-NEMA,P-COVA,P-RHAB,P-RION,P-BASP,P-TIAU,P-EITA,P-NYCO,P-OPRA,BD_POZ,RV_POZ,ttx_cm2
5CN1_2015,5CN1_20150527_TAGR_002,5CN1,CA,TAGR,Male,75.07,Adult,0,0,0,0,0,0,0,0,0,0,0,0,0,0,11156.0451
5CN1_2015,5CN1_20150527_TATO_001,5CN1,CA,TATO,Female,69.84,Adult,0,0,0,0,0,0,0,0,0,0,0,0,0,0,3894.2145
5CN2_2015,5CN2_20150527_TAGR_001,5CN2,CA,TAGR,Male,78.59,Adult,0,0,0,0,0,0,0,0,0,0,0,0,0,0,2739.6593
5CN2_2015,5CN2_20150527_TATO_002,5CN2,CA,TATO,Female,69.41,Adult,0,0,0,0,0,0,0,0,0,0,0,0,0,0,3985.1907
5CN3_2015,5CN3_20150527_TAGR_006,5CN3,CA,TAGR,Female,75.84,Adult,0,0,10,0,0,0,0,0,0,0,0,0,0,0,10125.8821
5CN3_2015,5CN3_20150527_TAGR_007,5CN3,CA,TAGR,Female,72.33,Adult,0,0,7,0,0,0,0,0,0,0,0,0,0,0,4223.7724
BNPND002_2015,BNPND002_20150526_TAGR_001,BNPND002,CA,TAGR,Male,66.91,Adult,0,0,0,0,1,3,0,0,0,0,0,0,0,0,835.7249
BNPND002_2015,BNPND002_20150526_TAGR_002,BNPND002,CA,TAGR,Male,69.09,Adult,0,0,0,0,0,0,0,0,0,0,0,0,0,0,360.1887
BNPND002_2015,BNPND002_20150526_TAGR_003,BNPND002,CA,TAGR,Male,68,Adult,0,0,0,0,0,0,0,0,0,0,0,0,0,0,17820.194
BNPND002_2015,BNPND002_20150526_TAGR_004,BNPND002,CA,TAGR,Female,62.93,Adult,0,0,0,0,0,0,0,0,0,1,0,0,0,0,3158.1042
BNPND002_2015,BNPND002_20150526_TAGR_005,BNPND002,CA,TAGR,Male,72.36,Adult,0,0,0,0,0,0,0,0,0,1,0,0,0,1,3706.8038
BNPND002_2015,BNPND002_20150526_TAGR_006,BNPND002,CA,TAGR,Male,61.47,Adult,0,0,0,0,1,0,0,0,0,1,0,0,0,0,1996.7762
BNPND002_2015,BNPND002_20150526_TAGR_007,BNPND002,CA,TAGR,Male,72.79,Adult,0,0,0,0,0,0,0,0,0,0,0,0,0,0,2635.9422
BNPND002_2015,BNPND002_20150526_TAGR_008,BNPND002,CA,TAGR,Male,71.7,Adult,0,0,0,0,0,0,0,0,0,0,0,0,0,0,3889.9313
BNPND002_2015,BNPND002_20150526_TAGR_009,BNPND002,CA,TAGR,Male,74.09,Adult,0,0,0,0,0,0,0,0,0,0,0,0,0,0,3785.1657
BNPND002_2015,BNPND002_20150526_TAGR_010,BNPND002,CA,TAGR,Male,57.63,Adult,0,0,0,0,0,0,0,0,0,1,0,0,0,0,3836.6229
BNPND002_2015,BNPND002_20150526_TATO_001,BNPND002,CA,TATO,Female,65.23,Adult,0,0,0,0,0,1,0,0,0,0,0,0,1,0,2741.7468
BNPND002_2015,BNPND002_20150526_TATO_002,BNPND002,CA,TATO,Female,70.64,Adult,0,0,2,0,0,0,0,0,0,1,0,0,1,0,2790.1727
BNPND002_2015,BNPND002_20150526_TATO_003,BNPND002,CA,TATO,Female,61.04,Adult,0,0,0,0,89,4,0,0,0,1,0,0,1,0,4264.044
BNPND002_2015,BNPND002_20150526_TATO_004,BNPND002,CA,TATO,Female,58.9,Adult,0,0,1,0,0,0,0,0,0,1,0,0,0,0,10907.2616
BNPND002_2015,BNPND002_20150526_TATO_005,BNPND002,CA,TATO,Female,63.9,Adult,0,0,0,0,0,0,0,0,0,0,0,0,0,0,4135.2249
BNPND002_2015,BNPND002_20150526_TATO_006,BNPND002,CA,TATO,Female,61.64,Adult,0,1,2,0,0,0,0,0,0,0,0,0,0,0,10802.4398
BNPND002_2015,BNPND002_20150526_TATO_007,BNPND002,CA,TATO,Female,67.78,Adult,0,0,0,0,1,6,0,0,0,0,0,0,1,0,2627.0314
BNPND002_2015,BNPND002_20150526_TATO_008,BNPND002,CA,TATO,Female,58.36,Adult,0,0,0,0,1,1,0,0,0,1,0,0,0,0,4355.1913
BNPND002_2015,BNPND002_20150526_TATO_009,BNPND002,CA,TATO,Female,66.92,Adult,0,1,2,0,0,0,0,0,0,1,0,0,0,0,2575.5538
BNPND002_2015,BNPND002_20150526_TATO_010,BNPND002,CA,TATO,Male,72.03,Adult,0,0,0,0,0,0,0,0,0,0,0,0,0,0,3945.959
BNPND005_2015,BNPND005_20150526_TAGR_002,BNPND005,CA,TAGR,Female,76.21,Adult,0,0,0,0,0,0,0,0,0,0,0,0,0,0,4314.6695
BNPND005_2015,BNPND005_20150526_TAGR_003,BNPND005,CA,TAGR,Male,88.93,Adult,0,1,0,0,0,0,0,0,0,0,0,0,0,0,4722.3857
BNPND005_2015,BNPND005_20150526_TAGR_004,BNPND005,CA,TAGR,Male,72.6,Adult,0,0,0,7,0,0,0,0,0,0,0,0,0,0,4402.1349
BNPND005_2015,BNPND005_20150526_TAGR_005,BNPND005,CA,TAGR,Male,78.92,Adult,0,0,0,0,0,0,0,0,0,0,0,0,0,0,3809.6897
BNPND005_2015,BNPND005_20150526_TAGR_006,BNPND005,CA,TAGR,Male,77.6,Adult,0,2,0,0,0,0,0,0,0,0,0,0,0,0,4082.1466
BNPND005_2015,BNPND005_20150526_TAGR_007,BNPND005,CA,TAGR,Male,56.98,Adult,0,0,0,0,0,1,0,0,0,1,0,0,1,0,4736.5634
BNPND005_2015,BNPND005_20150526_TAGR_009,BNPND005,CA,TAGR,Male,68.97,Adult,0,0,0,0,0,0,0,0,0,1,0,0,0,0,4249.9038
BNPND011_2015,BNPND011_20150603_TATO_003,BNPND011,CA,TATO,Male,57.12,Adult,0,0,0,0,0,0,0,1,0,0,0,0,0,0,3712.0371
BNPND011_2015,BNPND011_20150603_TATO_004,BNPND011,CA,TATO,Male,76.43,Adult,0,0,1,0,0,0,0,1,0,0,0,0,0,1,8284.8347
BNPND020_2015,BNPND020_20150602_TATO_004,BNPND020,CA,TATO,Male,69.79,Adult,0,0,0,0,0,0,0,1,0,0,0,0,0,0,3670.094
BNPND020_2015,BNPND020_20150602_TATO_005,BNPND020,CA,TATO,Male,60.47,Adult,0,0,0,0,0,1,0,1,0,0,0,0,1,1,1300.7222
BNPND020_2015,BNPND020_20150602_TATO_006,BNPND020,CA,TATO,Female,62.49,Adult,0,0,0,0,0,0,0,1,0,0,0,0,0,1,2990.2395
CA-BN003_2015,CA-BN003_20150603_TAGR_005,CA-BN003,CA,TAGR,Male,69.15,Adult,0,0,2,0,0,0,0,0,0,0,0,0,0,0,12740.0081
CA-BN003_2015,CA-BN003_20150603_TAGR_007,CA-BN003,CA,TAGR,Male,79.13,Adult,0,0,0,0,12,3,0,0,0,0,0,0,0,0,12558.018
CA-BN003_2015,CA-BN003_20150603_TATO_002,CA-BN003,CA,TATO,Male,69.95,Adult,0,0,0,0,0,0,0,0,0,0,0,0,1,1,7383.1282
CA-BN003_2015,CA-BN003_20150603_TATO_008,CA-BN003,CA,TATO,Female,59.62,Adult,0,0,0,0,2,0,0,0,0,0,0,0,0,0,11264.1618
CA-BN004_2015,CA-BN004_20150526_TAGR_001,CA-BN004,CA,TAGR,Male,78.68,Adult,0,0,7,1,0,0,0,0,0,0,0,0,0,0,3604.0256
CA-BN004_2015,CA-BN004_20150526_TAGR_002,CA-BN004,CA,TAGR,Female,63.3,Adult,0,1,1,0,0,0,0,0,0,1,0,0,0,0,1064.2228
CA-BN004_2015,CA-BN004_20150526_TAGR_004,CA-BN004,CA,TAGR,Male,76.65,Adult,0,3,26,0,0,0,0,0,0,0,0,0,0,0,2599.0574
CA-BN004_2015,CA-BN004_20150526_TAGR_010,CA-BN004,CA,TAGR,Female,70.23,Adult,0,4,0,1,1,0,0,0,0,0,0,0,0,0,3184.95
CA-BN004_2015,CA-BN004_20150603_TAGR_001,CA-BN004,CA,TAGR,Female,64.29,Adult,0,0,0,0,0,0,0,1,0,0,0,0,,0,4975.4702
CA-BN004_2015,CA-BN004_20150603_TAGR_002,CA-BN004,CA,TAGR,Female,68.91,Adult,0,1,0,0,0,0,0,0,0,0,0,0,,0,3582.3383
CA-BN004_2015,CA-BN004_20150603_TAGR_003,CA-BN004,CA,TAGR,Male,76.73,Adult,0,1,0,0,0,0,0,1,0,0,0,0,,0,14583.8868
CA-BN004_2015,CA-BN004_20150603_TAGR_004,CA-BN004,CA,TAGR,Male,74.78,Adult,0,3,0,0,0,0,0,1,0,0,0,0,,0,489.64
CA-BN004_2015,CA-BN004_20150603_TAGR_005,CA-BN004,CA,TAGR,Female,58.24,Adult,0,0,0,0,0,1,0,0,0,0,0,0,,0,18485.6292
CA-BN004_2015,CA-BN004_20150603_TAGR_006,CA-BN004,CA,TAGR,Male,65.77,Adult,0,0,0,0,0,0,0,1,0,0,0,0,,0,3565.1289
CA-BN004_2015,CA-BN004_20150806_TAGR_001,CA-BN004,CA,TAGR,Female,60.63,Adult,0,0,0,0,0,0,0,1,0,0,0,0,,0,2747.2406
CA-BN004_2015,CA-BN004_20150806_TAGR_002,CA-BN004,CA,TAGR,Female,66.42,Adult,0,6,0,0,0,0,0,1,0,0,0,0,,0,865.1328
CA-BN004_2015,CA-BN004_20150806_TAGR_003,CA-BN004,CA,TAGR,Male,81.98,Adult,0,6,0,0,0,0,0,0,0,0,0,0,,0,1876.4164
CA-BN004_2015,CA-BN004_20150806_TAGR_004,CA-BN004,CA,TAGR,Female,68.13,Adult,0,3,0,0,0,0,0,0,0,0,0,0,,0,1629.1055
CA-BN004_2015,CA-BN004_20150806_TAGR_005,CA-BN004,CA,TAGR,Male,63.5,Adult,0,0,0,0,0,1,0,1,0,0,0,0,,0,3151.6584
CA-BN004_2015,CA-BN004_20150806_TAGR_006,CA-BN004,CA,TAGR,Male,71.32,Adult,0,0,0,0,0,0,0,0,0,0,0,0,,0,1704.6851
CA-BN004_2015,CA-BN004_20150806_TAGR_007,CA-BN004,CA,TAGR,Male,71.22,Adult,0,2,0,0,0,0,0,1,0,0,0,0,,0,2990.7926
CA-BN004_2015,CA-BN004_20150806_TAGR_008,CA-BN004,CA,TAGR,Male,79.56,Adult,0,5,0,0,0,0,0,1,0,0,0,0,,0,2143.6697
CA-BN004_2015,CA-BN004_20150806_TAGR_009,CA-BN004,CA,TAGR,Male,57.03,Adult,0,0,0,0,0,0,0,0,0,0,0,0,,0,2609.405
CA-BN004_2015,CA-BN004_20150806_TAGR_010,CA-BN004,CA,TAGR,Male,71.61,Adult,0,2,0,0,0,0,0,1,0,0,0,0,,0,3131.1161
CA-BN004_2015,CA-BN004_20150806_TAGR_011,CA-BN004,CA,TAGR,Female,61.45,Adult,0,0,0,0,0,0,0,1,0,0,0,0,,0,1424.6648
CA-BN017_2015,CA-BN017_20150625_TAGR_002,CA-BN017,CA,TAGR,Male,72.69,Adult,0,0,0,0,0,0,0,1,0,0,0,0,1,0,386.9126
CA-BN017_2015,CA-BN017_20150625_TAGR_007,CA-BN017,CA,TAGR,Female,53.49,Adult,0,0,0,0,0,0,0,1,0,0,0,0,0,0,10068.8071
CA-BN017_2015,CA-BN017_20150625_TAGR_008,CA-BN017,CA,TAGR,Female,76.19,Adult,0,0,0,0,0,0,0,1,0,0,0,0,0,0,11867.3064
CA-BN017_2015,CA-BN017_20150625_TAGR_009,CA-BN017,CA,TAGR,Male,61.6,Adult,0,0,0,0,0,0,0,0,1,0,0,0,0,0,13324.3487
CA-BN017_2015,CA-BN017_20150625_TATO_001,CA-BN017,CA,TATO,Female,58.39,Adult,0,0,0,0,0,6,0,0,1,0,0,0,0,0,5512.042
CA-BN018_2015,CA-BN018_20150519_TAGR_003,CA-BN018,CA,TAGR,Male,73.07,Adult,0,0,0,0,0,4,0,0,0,0,0,0,0,0,3526.9808
GDPND008_2015,GDPND008_20150518_TATO_001,GDPND008,CA,TATO,Male,75.48,Adult,0,0,0,0,0,0,0,0,0,0,0,0,0,0,15349.6116
MUD21_2015,MUD21_20150609_TATO_001,MUD21,CA,TATO,Male,72.65,Adult,0,0,0,0,262,2,0,0,0,0,0,0,0,0,6213.0608
MUD21_2015,MUD21_20150609_TATO_002,MUD21,CA,TATO,Female,66.77,Adult,0,0,0,0,0,0,0,0,0,0,0,0,0,0,2077.4082
MUD21_2015,MUD21_20150609_TATO_003,MUD21,CA,TATO,Male,69.31,Adult,0,0,0,0,2160,15,0,0,0,0,0,0,0,1,4784.5951
MUD21_2015,MUD21_20150609_TATO_007,MUD21,CA,TATO,Male,71.41,Adult,0,0,0,0,206,16,0,0,0,0,0,0,1,0,2408.6526
MUD23_2015,MUD23_20150623_TAGR_001,MUD23,CA,TAGR,Female,83.49,Adult,0,0,0,0,0,0,0,0,1,0,0,0,0,0,8174.2174
MUD23_2015,MUD23_20150623_TAGR_002,MUD23,CA,TAGR,Male,78.55,Adult,0,0,0,0,0,0,0,0,0,0,0,0,0,0,
MUD23_2015,MUD23_20150623_TAGR_003,MUD23,CA,TAGR,Male,74.68,Adult,0,0,0,0,0,0,0,0,1,0,0,0,0,0,8712.2998
MUD39_2015,MUD39_20150630_TATO_001,MUD39,CA,TATO,Male,67.65,Adult,0,0,0,2,1,0,0,0,0,0,0,0,0,0,4102.3131
MUD40_2015,MUD40_20150630_TAGR_001,MUD40,CA,TAGR,Male,75.79,Adult,0,0,0,0,0,0,0,0,0,0,0,0,0,0,21411.9643
MUD40_2015,MUD40_20150630_TAGR_003,MUD40,CA,TAGR,Male,68.9,Adult,0,0,0,0,0,8,0,1,0,0,0,0,0,0,58900.5203
MUD40_2015,MUD40_20150630_TAGR_004,MUD40,CA,TAGR,Male,74.3,Adult,0,0,0,0,0,0,0,1,0,0,0,0,0,0,51517.0756
MUD40_2015,MUD40_20150630_TAGR_005,MUD40,CA,TAGR,Male,68.37,Adult,0,0,0,0,0,0,0,0,0,0,0,0,0,0,3049.1083
MUD40_2015,MUD40_20150630_TATO_001,MUD40,CA,TATO,Female,60.02,Adult,0,0,0,0,0,1,0,0,0,0,0,0,0,0,10470.1542
MUD40_2015,MUD40_20150630_TATO_004,MUD40,CA,TATO,Male,70.21,Adult,0,0,0,0,0,0,0,1,0,0,0,0,0,0,15296.2001
MUD41_2015,MUD41_20150630_TAGR_002,MUD41,CA,TAGR,Male,73.83,Adult,0,6,0,0,0,3,0,0,0,0,0,0,0,0,17900.7771
MUD41_2015,MUD41_20150630_TATO_001,MUD41,CA,TATO,Male,66.39,Adult,0,0,0,0,0,0,0,0,0,0,0,0,0,0,8526.6806
MUD46_2015,MUD46_20150609_TAGR_002,MUD46,CA,TAGR,Male,76.1,Adult,0,0,0,0,0,0,1,1,0,0,0,0,1,0,2609.405
MUD46_2015,MUD46_20150609_TAGR_003,MUD46,CA,TAGR,Male,71.03,Adult,0,0,0,0,0,0,0,1,0,0,0,0,0,0,3441.2292
MUD46_2015,MUD46_20150609_TAGR_005,MUD46,CA,TAGR,Male,85.12,Adult,0,1,0,0,0,0,0,1,0,0,0,0,1,0,1774.613
MUD46_2015,MUD46_20150609_TAGR_008,MUD46,CA,TAGR,Male,75.18,Adult,0,0,1,0,0,0,0,1,0,0,0,0,1,0,2774.135
MUD46_2015,MUD46_20150609_TAGR_009,MUD46,CA,TAGR,Male,77.56,Adult,0,0,0,0,0,0,0,1,0,0,0,0,1,0,2039.5102
MUD46_2015,MUD46_20150609_TAGR_010,MUD46,CA,TAGR,Male,73.82,Adult,0,0,6,0,0,0,0,1,0,0,0,0,1,1,1953.6662
MUD46_2015,MUD46_20150609_TATO_001,MUD46,CA,TATO,Female,69.63,Adult,0,0,0,0,1,0,0,1,0,0,0,0,1,0,2025.8177
MUDEF_2015,MUDEF_20150623_TAGR_003,MUDEF,CA,TAGR,Female,76.34,Adult,0,0,0,0,0,0,0,0,0,0,1,0,1,0,38848.7888
PRNTH1_2015,PRNTH1_20150601_TATO_002,PRNTH1,CA,TATO,Female,56.03,Adult,0,0,0,0,0,0,0,0,0,0,0,0,0,0,1263.4829
PRNTH1_2015,PRNTH1_20150601_TATO_003,PRNTH1,CA,TATO,Male,60.43,Adult,0,0,0,0,0,3,0,0,0,0,0,0,1,0,3733.291
PRNTH1_2015,PRNTH1_20150601_TATO_006,PRNTH1,CA,TATO,Male,66.62,Adult,0,0,0,0,2,0,0,0,0,0,0,0,0,0,3450.18
PRNTH2_2015,PRNTH2_20150601_TAGR_001,PRNTH2,CA,TAGR,Female,60.17,Adult,0,0,0,0,0,0,0,0,0,0,0,0,0,0,26303.4055
PRNTH2_2015,PRNTH2_20150601_TATO_002,PRNTH2,CA,TATO,Male,69.31,Adult,0,0,0,0,0,1,0,0,0,0,0,0,0,0,570.68
PRNTH2_2015,PRNTH2_20150601_TATO_003,PRNTH2,CA,TATO,Male,67.18,Adult,0,0,0,0,2,0,0,0,0,0,0,0,0,0,4126.738
PRNTH2_2015,PRNTH2_20150601_TATO_005,PRNTH2,CA,TATO,Male,79.46,Adult,0,0,0,0,0,11,0,0,0,0,0,0,0,1,2847.3024
PRNTH2_2015,PRNTH2_20150601_TATO_006,PRNTH2,CA,TATO,Female,74.1,Adult,0,0,0,0,0,0,0,0,0,0,0,0,0,0,10284.6813
PRNTH2_2015,PRNTH2_20150601_TATO_007,PRNTH2,CA,TATO,Male,73.51,Adult,0,0,0,0,4,0,0,0,0,0,0,0,0,1,2712.8842
PRNTH2_2015,PRNTH2_20150601_TATO_008,PRNTH2,CA,TATO,Male,65.43,Adult,0,0,0,0,0,0,0,0,0,0,0,0,0,0,3829.8079
PRNTH2_2015,PRNTH2_20150601_TATO_010,PRNTH2,CA,TATO,Male,73.55,Adult,0,0,0,0,1,2,0,0,0,0,0,0,0,1,2360.086
PRNTH3_2015,PRNTH3_20150601_TATO_001,PRNTH3,CA,TATO,Male,65.78,Adult,0,0,0,0,0,0,0,0,0,0,0,0,0,0,4234.7648
PRNTH3_2015,PRNTH3_20150601_TATO_002,PRNTH3,CA,TATO,Female,72.6,Adult,0,0,0,0,0,1,0,0,0,0,0,0,0,0,3687.0165
PRNTHIDK_2015,PRNTHIDK_20150601_TAGR_003,PRNTHIDK,CA,TAGR,Male,51.64,Adult,0,0,0,0,0,0,0,0,0,0,0,0,1,0,4061.879
PRNTHIDK_2015,PRNTHIDK_20150601_TATO_001,PRNTHIDK,CA,TATO,Male,77.8,Adult,0,0,2,0,0,0,0,0,0,0,0,0,0,0,13728.6791
PRNTHIDK_2015,PRNTHIDK_20150819_TAGR_001,PRNTHIDK,CA,TAGR,Male,70.12,Adult,0,0,0,0,0,0,0,0,1,0,0,0,,0,3870.3174
PRNTHIDK_2015,PRNTHIDK_20150819_TAGR_002,PRNTHIDK,CA,TAGR,Female,60.45,Adult,0,0,0,0,0,0,0,0,0,0,0,0,,0,4167.21
PRNTHIDK_2015,PRNTHIDK_20150819_TATO_001,PRNTHIDK,CA,TATO,Female,70.88,Adult,0,0,0,0,0,0,0,0,1,0,0,0,,0,3654.5189
PRNTHIDK_2015,PRNTHIDK_20150819_TATO_003,PRNTHIDK,CA,TATO,Male,53.35,Adult,0,0,0,0,0,0,0,0,1,0,0,0,,0,1496.6978
PRNTHIDK_2015,PRNTHIDK_20150819_TATO_004,PRNTHIDK,CA,TATO,Female,64.34,Adult,0,0,0,0,0,0,0,0,0,0,0,0,,0,21557.4543
PRNTHOWL_2015,PRNTHOWL_20150520_TATO_001,PRNTHOWL,CA,TATO,Male,61.84,Adult,1,0,0,0,0,0,0,0,0,0,0,0,1,0,7046.1834
PRPND008_2015,PRPND008_20150624_TATO_001,PRPND008,CA,TATO,Male,72.3,Adult,0,0,0,0,0,0,0,0,1,0,0,0,0,0,592.1399
VPPND004_2015,VPPND004_20150528_TATO_001,VPPND004,CA,TATO,Male,70.51,Adult,0,0,0,0,164,17,0,0,0,0,0,0,0,0,2451.2737
5CN1_2015,5CN1_20150527_TAGR_001,5CN1,CA,TAGR,Male,80.96,Adult,0,0,0,0,0,0,0,0,0,0,0,0,0,0,11191.061
5CN2_2015,5CN2_20150527_TATO_001,5CN2,CA,TATO,Male,64.32,Adult,0,0,0,0,0,0,0,0,0,0,0,0,1,0,3322.9907
5CN3_2015,5CN3_20150527_TAGR_001,5CN3,CA,TAGR,Male,78.91,Adult,0,0,0,0,0,0,0,0,0,0,0,0,0,0,2889.116
5CN3_2015,5CN3_20150527_TAGR_002,5CN3,CA,TAGR,Male,69.21,Adult,0,0,0,0,0,0,0,0,0,0,0,0,1,0,3258.366
5CN3_2015,5CN3_20150527_TAGR_003,5CN3,CA,TAGR,Female,67.32,Adult,0,0,5,0,0,0,0,0,0,0,0,0,1,0,2926.1273
5CN3_2015,5CN3_20150527_TAGR_004,5CN3,CA,TAGR,Female,59.94,Adult,0,0,0,0,0,0,0,0,0,0,0,0,1,0,10935.2266
5CN3_2015,5CN3_20150527_TAGR_005,5CN3,CA,TAGR,Female,71.02,Adult,0,0,0,0,0,0,0,0,0,0,0,0,0,0,2623.9365
5CN3_2015,5CN3_20150527_TAGR_008,5CN3,CA,TAGR,Female,66.29,Adult,0,0,0,0,0,0,0,0,0,0,0,0,0,0,3600.8225
5CN3_2015,5CN3_20150527_TAGR_009,5CN3,CA,TAGR,Female,71.09,Adult,0,0,0,0,0,0,0,0,0,0,0,0,0,0,2815.3244
5CN3_2015,5CN3_20150527_TAGR_010,5CN3,CA,TAGR,Female,57.25,Adult,0,0,2,0,0,0,0,0,0,0,0,0,0,0,8430.7606
BNPND005_2015,BNPND005_20150526_TAGR_001,BNPND005,CA,TAGR,Male,74.34,Adult,0,4,5,0,0,0,0,0,0,0,0,0,0,0,3278.8269
BNPND005_2015,BNPND005_20150526_TAGR_008,BNPND005,CA,TAGR,Female,51.55,Adult,0,0,0,0,0,0,0,0,0,0,0,0,1,0,2916.6712
BNPND005_2015,BNPND005_20150526_TAGR_010,BNPND005,CA,TAGR,Male,60.86,Adult,0,0,0,0,0,1,0,0,0,1,0,0,1,0,1987.1123
BNPND011_2015,BNPND011_20150603_TATO_005,BNPND011,CA,TATO,Female,50.67,Adult,0,0,2,0,0,1,0,1,0,0,0,0,1,0,6242.0369
BNPND019_2015,BNPND019_20150519_TATO_001,BNPND019,CA,TATO,Male,62.89,Adult,0,0,0,0,0,0,0,0,0,0,0,0,1,0,1800.6907
BNPND019_2015,BNPND019_20150519_TATO_002,BNPND019,CA,TATO,Female,65.61,Adult,0,0,0,0,0,1,0,0,0,0,0,0,1,1,704.2336
BNPND019_2015,BNPND019_20150519_TATO_003,BNPND019,CA,TATO,Female,61.43,Adult,0,0,0,0,0,0,0,0,0,1,0,0,1,0,1495.124
BNPND019_2015,BNPND019_20150519_TATO_004,BNPND019,CA,TATO,Female,61.78,Adult,0,0,0,0,0,2,0,0,0,0,0,0,0,0,4808.9727
BNPND020_2015,BNPND020_20150602_TATO_001,BNPND020,CA,TATO,Male,85.89,Adult,0,2,2,0,0,0,0,0,0,0,0,0,0,0,3534.0193
BNPND020_2015,BNPND020_20150602_TATO_007,BNPND020,CA,TATO,Female,70.28,Adult,0,0,0,0,0,0,0,1,0,0,0,0,0,0,3009.2899
BNPND020_2015,BNPND020_20150602_TATO_008,BNPND020,CA,TATO,Female,71.51,Adult,0,0,0,0,0,2,0,1,0,0,0,0,0,0,3042.5297
BNPND020_2015,BNPND020_20150602_TATO_009,BNPND020,CA,TATO,Female,56.17,Adult,0,0,0,0,0,0,0,0,0,0,0,0,0,0,2691.268
BNPND020_2015,BNPND020_20150602_TATO_010,BNPND020,CA,TATO,Female,77.81,Adult,0,0,0,0,0,7,0,1,0,0,0,0,0,0,12922.2876
CA-BN003_2015,CA-BN003_20150603_TAGR_001,CA-BN003,CA,TAGR,Female,65.15,Adult,0,0,0,0,0,1,0,0,0,0,0,0,0,0,4208.4413
CA-BN003_2015,CA-BN003_20150603_TAGR_002,CA-BN003,CA,TAGR,Male,70.26,Adult,0,0,0,0,0,0,0,0,0,0,0,0,0,0,3857.7777
CA-BN003_2015,CA-BN003_20150603_TAGR_003,CA-BN003,CA,TAGR,Female,65.81,Adult,0,0,0,0,88,3,0,0,0,0,0,0,0,0,3180.9185
CA-BN003_2015,CA-BN003_20150603_TAGR_004,CA-BN003,CA,TAGR,Male,74.35,Adult,0,0,0,0,0,0,0,1,0,0,0,0,0,0,9069.4559
CA-BN003_2015,CA-BN003_20150603_TATO_001,CA-BN003,CA,TATO,Male,73.26,Adult,0,0,0,0,0,4,0,0,0,0,0,0,0,0,3007.4351
CA-BN003_2015,CA-BN003_20150603_TATO_003,CA-BN003,CA,TATO,Male,54.46,Adult,0,0,0,0,0,1,0,0,0,0,0,0,0,0,3897.6891
CA-BN003_2015,CA-BN003_20150603_TATO_004,CA-BN003,CA,TATO,Female,55.24,Adult,0,0,0,0,0,0,0,0,0,0,0,0,0,0,4238.5383
CA-BN003_2015,CA-BN003_20150603_TATO_005,CA-BN003,CA,TATO,Female,68.03,Adult,0,0,0,0,0,0,0,0,0,0,0,0,1,0,14120.1799
CA-BN003_2015,CA-BN003_20150603_TATO_009,CA-BN003,CA,TATO,Female,58.52,Adult,0,0,0,0,0,0,0,1,0,0,0,0,0,0,3176.3494
CA-BN003_2015,CA-BN003_20150603_TATO_010,CA-BN003,CA,TATO,Female,55.5,Adult,0,0,0,0,0,4,0,0,0,0,0,0,0,0,3901.1715
CA-BN004_2015,CA-BN004_20150526_TAGR_003,CA-BN004,CA,TAGR,Female,67.1,Adult,0,6,15,0,0,0,0,0,0,0,0,0,0,0,575.1151
CA-BN004_2015,CA-BN004_20150526_TAGR_005,CA-BN004,CA,TAGR,Male,74.23,Adult,0,4,27,0,0,0,0,0,0,1,0,0,0,0,4271.7668
CA-BN004_2015,CA-BN004_20150526_TAGR_006,CA-BN004,CA,TAGR,Female,76.29,Adult,0,0,4,0,0,0,0,0,0,1,0,0,0,0,1089.0131
CA-BN004_2015,CA-BN004_20150526_TAGR_007,CA-BN004,CA,TAGR,Male,76.48,Adult,0,3,0,0,0,0,0,0,0,0,0,0,0, ,4467.3991
CA-BN004_2015,CA-BN004_20150526_TAGR_008,CA-BN004,CA,TAGR,Female,64.68,Adult,0,0,0,0,0,0,0,0,0,0,0,0,1,0,1090.8192
CA-BN004_2015,CA-BN004_20150526_TAGR_009,CA-BN004,CA,TAGR,Female,73.95,Adult,0,11,16,0,0,0,0,0,0,1,0,0,1,1,1753.7079
CA-BN017_2015,CA-BN017_20150625_TAGR_001,CA-BN017,CA,TAGR,Female,67.03,Adult,0,0,0,0,0,0,0,1,0,0,0,0,0,0,4274.5574
CA-BN017_2015,CA-BN017_20150625_TAGR_003,CA-BN017,CA,TAGR,Male,71.57,Adult,0,0,0,1,0,0,0,1,0,0,0,0,0,0,
CA-BN017_2015,CA-BN017_20150625_TAGR_004,CA-BN017,CA,TAGR,Male,65.49,Adult,0,0,0,0,0,0,0,0,0,0,0,0,0,0,8675.0655
CA-BN017_2015,CA-BN017_20150625_TAGR_005,CA-BN017,CA,TAGR,Female,62.99,Adult,0,0,0,0,0,0,0,0,0,0,0,0,0,0,10671.4191
CA-BN017_2015,CA-BN017_20150625_TAGR_006,CA-BN017,CA,TAGR,Male,64.98,Adult,0,0,0,0,0,0,0,1,1,0,0,0,0,0,
CA-BN017_2015,CA-BN017_20150625_TAGR_010,CA-BN017,CA,TAGR,Male,71.15,Adult,0,0,0,0,0,0,0,1,0,0,0,0,0,0,
CA-BN017_2015,CA-BN017_20150625_TATO_002,CA-BN017,CA,TATO,Female,61.4,Adult,0,0,2,0,0,0,0,0,0,0,0,0,0,0,4321.8543
CA-BN017_2015,CA-BN017_20150625_TATO_003,CA-BN017,CA,TATO,Female,61.63,Adult,0,0,0,0,0,0,0,0,0,0,0,0,0,0,17638.2576
CA-BN018_2015,CA-BN018_20150519_TATO_002,CA-BN018,CA,TATO,Female,58.61,Adult,0,0,0,2,0,9,0,0,0,0,0,0,1,0,1415.1775
CA-MUD65_2015,CA-MUD65_20150512_TATO_001,CA-MUD65,CA,TATO,Female,68.21,Adult,0,0,0,0,0,9,0,0,0,0,0,0,0,1,
CA-MUD65_2015,CA-MUD65_20150512_TATO_002,CA-MUD65,CA,TATO,Male,71.95,Adult,0,0,0,0,0,5,0,0,0,0,0,0,0,0,
CA-MUD65_2015,CA-MUD65_20150512_TATO_003,CA-MUD65,CA,TATO,Male,68.8,Adult,0,0,0,0,0,2,0,0,0,0,0,0,0,0,2488.5019
CA-MUD65_2015,CA-MUD65_20150512_TATO_004,CA-MUD65,CA,TATO,Male,61.13,Adult,0,0,0,0,3,1,0,0,0,0,0,0,0,0,3305.2048
CA-MUD65_2015,CA-MUD65_20150512_TATO_005,CA-MUD65,CA,TATO,Female,77.09,Adult,0,0,0,0,2,24,0,0,0,0,0,0,0,0,
CA-MUD66_2015,CA-MUD66_20150512_TATO_001,CA-MUD66,CA,TATO,Male,66.18,Adult,0,0,0,0,0,12,0,0,0,0,0,0,0,0,2966.4753
CA-MUD67_2015,CA-MUD67_20150512_TATO_001,CA-MUD67,CA,TATO,Male,71.63,Adult,0,1,0,0,2,5,0,0,0,0,0,0,0,0,3298.8744
CA-MUD67_2015,CA-MUD67_20150512_TATO_002,CA-MUD67,CA,TATO,Male,79.88,Adult,0,1,0,0,7,1,0,0,0,0,0,0,0,0,
CA-MUD67_2015,CA-MUD67_20150512_TATO_003,CA-MUD67,CA,TATO,Female,70.01,Adult,0,0,0,0,22,6,0,0,0,1,0,0,0,0,
CA-MUD67_2015,CA-MUD67_20150512_TATO_004,CA-MUD67,CA,TATO,Male,72.99,Adult,0,0,0,0,21,6,0,0,0,0,0,0,0,0,
CA-MUD67_2015,CA-MUD67_20150512_TATO_005,CA-MUD67,CA,TATO,Female,69.9,Adult,0,0,0,0,3,3,0,0,0,1,0,0,1,0,3586.8788
CA-MUD67_2015,CA-MUD67_20150512_TATO_006,CA-MUD67,CA,TATO,Female,73.09,Adult,0,0,4,0,0,0,0,0,0,1,0,0,0,0,
CA-MUD67_2015,CA-MUD67_20150512_TATO_007,CA-MUD67,CA,TATO,Female,73.17,Adult,0,3,0,0,4,1,0,0,0,1,0,0,0,0,
CA-MUD67_2015,CA-MUD67_20150512_TATO_008,CA-MUD67,CA,TATO,Female,63.78,Adult,0,0,0,0,5,0,0,0,0,0,0,0,0,0,
CA-MUD67_2015,CA-MUD67_20150512_TATO_009,CA-MUD67,CA,TATO,Female,76.3,Adult,0,0,0,0,5,18,0,0,0,1,0,0,1,0,
CA-MUD67_2015,CA-MUD67_20150512_TATO_010,CA-MUD67,CA,TATO,Female,72.91,Adult,0,0,0,0,3,727,0,0,0,1,0,0,0,0,3020.8331
GDPND004_2015,GDPND004_20150514_TAGR_001,GDPND004,CA,TAGR,Male,68.28,Adult,0,0,0,0,0,0,0,0,0,0,0,0,1,1,1764.8236
GDPND004_2015,GDPND004_20150514_TAGR_002,GDPND004,CA,TAGR,Female,71.22,Adult,0,0,0,0,0,0,0,0,0,0,0,0,0,0,2318.2271
GDPND004_2015,GDPND004_20150514_TAGR_003,GDPND004,CA,TAGR,Male,57.2,Adult,0,0,0,0,0,0,0,0,0,0,0,0,1,0,382.1636
GDPND004_2015,GDPND004_20150514_TAGR_004,GDPND004,CA,TAGR,Female,70.11,Adult,0,0,0,0,0,282,0,0,0,0,0,0,0,0,3238.5766
GDPND004_2015,GDPND004_20150514_TAGR_005,GDPND004,CA,TAGR,Female,69.67,Adult,0,0,0,0,0,0,0,0,0,0,0,0,0,1,3038.7607
GDPND004_2015,GDPND004_20150514_TAGR_006,GDPND004,CA,TAGR,Female,75.2,Adult,0,0,0,0,0,0,0,0,0,0,0,0,1,0,3605.4818
GDPND004_2015,GDPND004_20150514_TAGR_007,GDPND004,CA,TAGR,Male,82.45,Adult,0,0,0,0,0,0,0,0,0,0,0,0,0,0,5373.8609
GDPND004_2015,GDPND004_20150514_TATO_001,GDPND004,CA,TATO,Male,80.04,Adult,0,0,0,0,1,0,0,0,0,0,0,0,1,0,4117.8204
GDPND004_2015,GDPND004_20150514_TATO_002,GDPND004,CA,TATO,Male,70.55,Adult,0,0,0,0,3,0,0,0,0,0,0,0,0,0,1299.342
GDPND004_2015,GDPND004_20150514_TATO_003,GDPND004,CA,TATO,Male,67.97,Adult,0,0,0,0,1,0,0,0,0,0,0,0,1,0,3571.0718
GDPND004_2015,GDPND004_20150514_TATO_004,GDPND004,CA,TATO,Female,72.61,Adult,0,0,0,0,0,0,0,0,0,0,0,0,1,0,3998.3821
GDPND004_2015,GDPND004_20150514_TATO_005,GDPND004,CA,TATO,Male,72.35,Adult,0,0,0,0,3,0,0,0,0,0,0,0,0,0,3548.3386
GDPND004_2015,GDPND004_20150514_TATO_006,GDPND004,CA,TATO,Male,86.37,Adult,0,0,0,0,0,7,0,0,0,0,0,0,0,0,3967.5141
GDPND004_2015,GDPND004_20150514_TATO_007,GDPND004,CA,TATO,Male,81.75,Adult,0,0,0,0,2,0,0,0,0,0,0,0,1,0,4017.0146
GDPND004_2015,GDPND004_20150514_TATO_008,GDPND004,CA,TATO,Male,67.78,Adult,0,0,0,0,0,0,0,0,0,0,0,0,0,0,1141.6256
GDPND004_2015,GDPND004_20150514_TATO_009,GDPND004,CA,TATO,Male,80.48,Adult,0,0,0,0,195,16,0,0,0,0,0,0,0,0,2865.2018
GDPND004_2015,GDPND004_20150514_TATO_010,GDPND004,CA,TATO,Female,76.64,Adult,0,0,0,0,0,0,0,0,0,0,0,0,0,0,4093.7585
GDPND006_2015,GDPND006_20150518_TATO_001,GDPND006,CA,TATO,Male,66.11,Adult,0,0,0,0,0,0,0,0,0,0,0,0,0,0,3028.0264
GDPND008_2015,GDPND008_20150518_TATO_002,GDPND008,CA,TATO,Male,78.58,Adult,0,0,0,0,1,7,0,0,0,0,0,0,0,0,8071.9521
GDPND008_2015,GDPND008_20150518_TATO_003,GDPND008,CA,TATO,Male,72.53,Adult,0,0,0,0,45,6,0,0,0,0,0,0,0,0,4692.0836
GDPND008_2015,GDPND008_20150518_TATO_004,GDPND008,CA,TATO,Male,67.89,Adult,0,0,2,0,16,6,0,0,0,0,0,0,0,1,3654.1654
GDPND008_2015,GDPND008_20150518_TATO_005,GDPND008,CA,TATO,Female,73.3,Adult,0,0,0,0,5,21,0,0,0,0,0,0,0,0,3265.3052
GDPND008_2015,GDPND008_20150518_TATO_006,GDPND008,CA,TATO,Male,67.03,Adult,0,0,0,0,3,5,0,0,0,0,0,0,1,0,1156.6206
GDPND008_2015,GDPND008_20150518_TATO_007,GDPND008,CA,TATO,Male,72.98,Adult,0,0,0,0,11,12,0,0,0,0,0,0,0,0,3543.5695
MUD21_2015,MUD21_20150609_TATO_004,MUD21,CA,TATO,Male,75.59,Adult,0,0,0,0,1,0,0,0,0,0,0,0,0,0,7853.3219
MUD21_2015,MUD21_20150609_TATO_005,MUD21,CA,TATO,Male,68.38,Adult,0,0,0,0,893,12,0,0,0,0,0,0,0,0,12017.0592
MUD21_2015,MUD21_20150609_TATO_006,MUD21,CA,TATO,Male,67.28,Adult,0,0,1,0,0,14,0,0,0,0,0,0,0,0,3565.4823
MUD40_2015,MUD40_20150630_TAGR_002,MUD40,CA,TAGR,Female,70.37,Adult,0,0,0,0,0,0,0,1,0,0,0,0,0,0,
MUD40_2015,MUD40_20150630_TATO_002,MUD40,CA,TATO,Male,67.13,Adult,0,0,0,0,0,224,0,0,1,0,0,0,0,0,
MUD40_2015,MUD40_20150630_TATO_003,MUD40,CA,TATO,Female,66.49,Adult,0,0,0,0,0,0,0,1,0,0,0,0,0,0,622.8363
MUD40_2015,MUD40_20150630_TATO_005,MUD40,CA,TATO,Male,60.88,Adult,0,0,0,0,0,9,0,0,0,0,0,0,0,0,5028.884
MUD40_2015,MUD40_20150630_TATO_006,MUD40,CA,TATO,Female,66.49,Adult,0,0,0,0,0,1,0,0,0,0,0,0,0,0,
MUD40_2015,MUD40_20150630_TATO_007,MUD40,CA,TATO,Male,65.13,Adult,0,0,0,0,0,5,0,0,0,0,0,0,0,0,15862.4865
MUD40_2015,MUD40_20150630_TATO_008,MUD40,CA,TATO,Male,65.43,Adult,0,0,0,0,0,0,0,1,0,0,0,0,0,0,
MUD41_2015,MUD41_20150630_TAGR_001,MUD41,CA,TAGR,Male,65.59,Adult,0,0,0,0,0,0,0,0,0,0,0,0,0,0,3940.3979
MUD41_2015,MUD41_20150630_TAGR_003,MUD41,CA,TAGR,Female,74.28,Adult,0,2,0,0,0,0,0,0,0,0,0,0,0,0,2574.591
MUD41_2015,MUD41_20150630_TAGR_004,MUD41,CA,TAGR,Female,58.94,Adult,0,0,0,0,0,0,0,0,0,0,0,0,0,0,837.8685
MUD41_2015,MUD41_20150630_TAGR_006,MUD41,CA,TAGR,Female,55.26,Adult,0,0,0,0,0,0,0,0,0,0,0,0,1,0,4311.8004
MUD41_2015,MUD41_20150630_TAGR_103,MUD41,CA,TAGR,Male,60.16,Adult,0,0,0,0,0,0,0,0,0,0,0,0,0,0,
MUD41_2015,MUD41_20150630_TATO_002,MUD41,CA,TATO,Male,67.71,Adult,0,0,0,0,0,12,0,0,0,0,0,0,0,0,4120.5716
MUD41_2015,MUD41_20150630_TATO_003,MUD41,CA,TATO,Male,72.23,Adult,0,2,0,0,0,11,0,0,0,0,0,0,0,0,1670.5764
MUD41_2015,MUD41_20150630_TATO_004,MUD41,CA,TATO,Female,60.78,Adult,0,0,0,0,0,0,0,0,0,0,0,0,0,0,1407.0376
MUD41_2015,MUD41_20150630_TATO_005,MUD41,CA,TATO,Female,77.04,Adult,0,0,0,0,0,14,0,0,0,0,0,0,0,0,6888.6783
MUD46_2015,MUD46_20150609_TAGR_001,MUD46,CA,TAGR,Male,71.73,Adult,0,0,0,0,0,0,0,1,0,0,0,0,1,0,3412.6631
MUD46_2015,MUD46_20150609_TAGR_004,MUD46,CA,TAGR,Male,80.48,Adult,0,0,7,0,0,0,1,1,0,0,0,0,0,0,20885.5615
MUD46_2015,MUD46_20150609_TAGR_006,MUD46,CA,TAGR,Male,76.97,Adult,0,0,0,0,0,0,0,1,0,0,0,0,1,0,12685.5683
MUD46_2015,MUD46_20150609_TAGR_007,MUD46,CA,TAGR,Male,77.78,Adult,0,0,7,0,0,0,1,0,0,0,0,0,0,0,10443.8676
MUD46_2015,MUD46_20150609_TATO_002,MUD46,CA,TATO,Male,75.29,Adult,0,0,1,0,0,0,0,0,0,0,0,0,1,0,8249.1475
MUD46_2015,MUD46_20150609_TATO_003,MUD46,CA,TATO,Male,68.66,Adult,0,0,2,0,0,0,0,1,0,0,0,0,0,0,3071.887
MUD46_2015,MUD46_20150609_TATO_004,MUD46,CA,TATO,Female,69.22,Adult,0,0,0,0,2,0,0,1,0,0,0,0,1,0,5332.9067
MUD46_2015,MUD46_20150609_TATO_005,MUD46,CA,TATO,Male,66.61,Adult,0,0,1,0,0,0,0,1,0,0,0,0,0,0,18772.3294
MUD46_2015,MUD46_20150609_TATO_007,MUD46,CA,TATO,Male,73.36,Adult,0,0,3,0,0,0,1,1,0,0,0,0,1,0,3532.3663
MUD46_2015,MUD46_20150609_TATO_009,MUD46,CA,TATO,Female,68.43,Adult,0,0,0,0,0,0,0,1,0,0,0,0,0,0,41734.2309
MUD70_2015,MUD70_20150708_TATO_011,MUD70,CA,TATO,Male,70.25,Adult,0,0,0,0,0,2,0,0,0,0,0,0,0,0,2841.9065
MUD70_2015,MUD70_20150708_TATO_012,MUD70,CA,TATO,Male,72.29,Adult,0,0,0,0,3,3,0,0,0,0,0,0,0,0,
MUD70_2015,MUD70_20150708_TATO_013,MUD70,CA,TATO,Male,75.7,Adult,0,0,0,0,0,16,0,0,0,0,0,0,0,0,
MUD70_2015,MUD70_20150708_TATO_014,MUD70,CA,TATO,Male,70.41,Adult,0,0,0,0,0,5,0,0,0,0,0,0,0,0,3286.1687
MUD70_2015,MUD70_20150708_TATO_015,MUD70,CA,TATO,Male,72.75,Adult,0,0,0,0,0,9,0,0,1,0,0,0,0,0,
MUD70_2015,MUD70_20150708_TATO_016,MUD70,CA,TATO,Male,67.32,Adult,0,0,0,0,1,171,0,0,0,0,0,0,0,0,2251.3184
MUD70_2015,MUD70_20150708_TATO_017,MUD70,CA,TATO,Male,66.45,Adult,0,0,0,0,0,0,0,0,1,0,0,0,0,0,20721.457
MUDEF_2015,MUDEF_20150623_TAGR_001,MUDEF,CA,TAGR,Female,68.46,Adult,0,1,0,0,0,0,0,0,0,0,0,0,0,0,61141.0346
MUDEF_2015,MUDEF_20150623_TAGR_002,MUDEF,CA,TAGR,Female,77.57,Adult,0,0,0,0,0,0,0,1,1,0,0,0,1,0,
MUDEF_2015,MUDEF_20150623_TAGR_004,MUDEF,CA,TAGR,Female,75.63,Adult,0,0,0,0,0,0,0,0,0,0,0,1,0,0,23329.6436
MUDEF_2015,MUDEF_20150623_TAGR_005,MUDEF,CA,TAGR,Female,73.58,Adult,0,2,0,0,0,0,0,1,0,0,0,0,0,0,4243.3112
MUDEF_2015,MUDEF_20150623_TAGR_006,MUDEF,CA,TAGR,Male,80,Adult,0,0,0,0,0,0,0,1,0,0,0,0,1,0,
MUDEF_2015,MUDEF_20150623_TAGR_007,MUDEF,CA,TAGR,Female,71.93,Adult,0,2,0,0,0,0,0,0,0,0,0,0,0,0,25860.2046
MUDEF_2015,MUDEF_20150623_TAGR_008,MUDEF,CA,TAGR,Female,76.49,Adult,0,1,0,0,0,0,0,0,0,0,0,0,0,0,38889.7341
MUDEF_2015,MUDEF_20150623_TAGR_009,MUDEF,CA,TAGR,Female,63.71,Adult,0,3,0,0,0,0,0,0,0,0,0,0,0,0,27447.7259
MUDEF_2015,MUDEF_20150623_TAGR_010,MUDEF,CA,TAGR,Female,72.87,Adult,0,0,0,0,0,0,0,0,0,0,0,0,0,0,15658.1434
PRBEACH_2015,PRBEACH_20150713_TATO_001,PRBEACH,CA,TATO,Male,76.46,Adult,0,0,0,0,0,6,0,0,0,0,0,0,0,0,35101.5781
PRBEACH_2015,PRBEACH_20150713_TATO_002,PRBEACH,CA,TATO,Male,75.23,Adult,0,0,0,0,0,0,0,0,1,0,0,0,0,0,1020.5338
PRBEACH_2015,PRBEACH_20150713_TATO_003,PRBEACH,CA,TATO,Male,70.11,Adult,1,0,0,0,0,0,0,0,0,0,0,0,0,0,12299.2356
PRBEACH_2015,PRBEACH_20150713_TATO_004,PRBEACH,CA,TATO,Male,68.88,Adult,0,0,0,0,0,0,0,0,0,0,0,0,0,0,7569.6901
PRBEACH_2015,PRBEACH_20150713_TATO_005,PRBEACH,CA,TATO,Male,71.03,Adult,0,0,0,0,0,1,0,0,0,0,0,0,0,0,31232.8673
PRBEACH_2015,PRBEACH_20150713_TATO_006,PRBEACH,CA,TATO,Male,77.24,Adult,0,0,0,0,0,0,0,0,0,0,0,0,0,0,10396.8558
PRBEACH_2015,PRBEACH_20150713_TATO_007,PRBEACH,CA,TATO,Male,70.41,Adult,0,0,0,0,0,0,0,0,1,0,0,0,0,0,3861.7308
PRBEACH_2015,PRBEACH_20150713_TATO_008,PRBEACH,CA,TATO,Male,65.68,Adult,0,0,0,0,0,0,0,0,1,0,0,0,0,0,21325.704
PRBEACH_2015,PRBEACH_20150713_TATO_009,PRBEACH,CA,TATO,Male,66.18,Adult,0,0,0,0,0,1,0,0,0,0,0,0,0,0,779.6099
PRBEACH_2015,PRBEACH_20150713_TATO_010,PRBEACH,CA,TATO,Male,74.84,Adult,0,0,0,0,0,0,0,0,0,0,0,0,0,0,6976.8073
PREDEN_2015,PREDEN_20150713_TAGR_001,PREDEN,CA,TAGR,Male,74.03,Adult,0,0,0,0,0,0,0,0,1,0,0,0,0,0,2444.3234
PRKING_2015,PRKING_20150713_TAGR_001,PRKING,CA,TAGR,Male,73.6,Adult,0,0,0,0,0,0,0,0,1,0,0,0,0,0,831.3546
PRNTH1_2015,PRNTH1_20150601_TATO_001,PRNTH1,CA,TATO,Female,62.34,Adult,0,0,0,0,0,0,0,0,0,0,0,0,0,0,1352.7351
PRNTH1_2015,PRNTH1_20150601_TATO_004,PRNTH1,CA,TATO,Female,57.86,Adult,0,0,0,0,0,0,0,0,0,0,0,0,0,0,14843.466
PRNTH1_2015,PRNTH1_20150601_TATO_005,PRNTH1,CA,TATO,Female,72.6,Adult,0,0,0,0,53,9,0,0,0,0,0,0,0,0,3679.9604
PRNTH2_2015,PRNTH2_20150601_TATO_004,PRNTH2,CA,TATO,Female,71.88,Adult,1,0,0,0,0,0,0,0,0,0,0,0,0,0,11105.788
PRNTH2_2015,PRNTH2_20150601_TATO_009,PRNTH2,CA,TATO,Male,79.45,Adult,0,0,0,0,0,0,0,0,0,0,0,0,0,0,7255.6284
PRNTH4_2015,PRNTH4_20150520_TAGR_001,PRNTH4,CA,TAGR,Female,57.53,Adult,0,0,0,0,0,0,0,0,0,0,0,0,0,0,12456.8219
PRNTH4_2015,PRNTH4_20150520_TATO_001,PRNTH4,CA,TATO,Male,80.67,Adult,0,0,0,0,0,1,0,0,0,0,0,0,1,0,4747.1787
PRNTHCHR_2015,PRNTHCHR_20150520_TAGR_001,PRNTHCHR,CA,TAGR,Male,80.89,Adult,0,1,0,0,0,0,0,0,0,0,0,0,1,0,4182.418
PRNTHCHR_2015,PRNTHCHR_20150520_TAGR_002,PRNTHCHR,CA,TAGR,Female,74.92,Adult,0,0,0,0,0,0,0,0,0,0,0,0,0,1,3733.0147
PRNTHCHR_2015,PRNTHCHR_20150520_TAGR_003,PRNTHCHR,CA,TAGR,Female,76.51,Adult,0,0,0,0,0,1,0,0,0,0,0,0,0,0,4811.4476
PRNTHCHR_2015,PRNTHCHR_20150520_TAGR_004,PRNTHCHR,CA,TAGR,Male,81.04,Adult,0,0,0,0,0,0,0,0,0,0,0,0,0,1,3062.1602
PRNTHCHR_2015,PRNTHCHR_20150520_TAGR_005,PRNTHCHR,CA,TAGR,Female,65.4,Adult,0,0,0,0,0,0,0,0,0,0,0,0,1,0,15081.537
PRNTHCHR_2015,PRNTHCHR_20150520_TATO_001,PRNTHCHR,CA,TATO,Female,69.43,Adult,0,0,0,0,0,18,0,0,0,0,0,0,1,0,4600.867
PRNTHIDK_2015,PRNTHIDK_20150601_TAGR_001,PRNTHIDK,CA,TAGR,Male,80.89,Adult,0,0,0,3,0,0,0,0,0,0,0,0,0,1,2803.5684
PRNTHIDK_2015,PRNTHIDK_20150601_TAGR_002,PRNTHIDK,CA,TAGR,Female,68.94,Adult,0,0,0,0,0,2,0,0,0,0,0,0,1,0,9750.693
PRNTHIDK_2015,PRNTHIDK_20150601_TAGR_004,PRNTHIDK,CA,TAGR,Female,71.43,Adult,0,0,1,0,0,0,0,0,0,0,0,0,0,0,3958.9957
PRNTHIDK_2015,PRNTHIDK_20150819_TAGR_003,PRNTHIDK,CA,TAGR,Female,59.36,Adult,0,0,0,0,0,0,0,0,1,0,0,0,,0,3608.2094
PRNTHMIT_2015,PRNTHMIT_20150520_TAGR_001,PRNTHMIT,CA,TAGR,Male,82.43,Adult,0,1,0,0,0,0,0,0,0,0,0,0,0,0,5646.0134
PRNTHMIT_2015,PRNTHMIT_20150520_TAGR_002,PRNTHMIT,CA,TAGR,Female,64.22,Adult,0,0,0,0,1,0,0,0,0,0,0,0,0,0,2759.3205
PRNTHMIT_2015,PRNTHMIT_20150520_TAGR_003,PRNTHMIT,CA,TAGR,Male,74.68,Adult,0,0,0,0,0,0,0,0,0,0,0,0,0,0,32478.2767
PRNTHMIT_2015,PRNTHMIT_20150520_TAGR_004,PRNTHMIT,CA,TAGR,Male,48.84,Adult,0,0,0,0,0,0,0,0,0,0,0,0,0,0,2630.0347
PRNTHMIT_2015,PRNTHMIT_20150520_TAGR_005,PRNTHMIT,CA,TAGR,Male,81.02,Adult,0,1,0,0,0,0,0,0,0,0,0,0,0,0,4747.1787
PRNTHMIT_2015,PRNTHMIT_20150520_TAGR_006,PRNTHMIT,CA,TAGR,Female,64.73,Adult,0,1,0,0,0,0,0,0,0,0,0,0,0,0,3548.1031
PRNTHMIT_2015,PRNTHMIT_20150520_TAGR_007,PRNTHMIT,CA,TAGR,Female,61.2,Adult,0,0,0,0,0,0,0,0,0,0,0,0,0,0,5247.0141
PRNTHMIT_2015,PRNTHMIT_20150520_TAGR_008,PRNTHMIT,CA,TAGR,Male,84.26,Adult,0,1,0,0,0,0,0,0,0,0,0,0,0,0,2041.3129
PRNTHMIT_2015,PRNTHMIT_20150520_TAGR_009,PRNTHMIT,CA,TAGR,Male,79.13,Adult,0,0,0,2,0,0,0,0,0,0,0,0,0,0,4645.1833
PRNTHMIT_2015,PRNTHMIT_20150520_TAGR_010,PRNTHMIT,CA,TAGR,Female,77.15,Adult,0,0,0,0,0,0,0,0,0,0,0,0,0,0,8697.4754
PRNTHMIT_2015,PRNTHMIT_20150520_TATO_001,PRNTHMIT,CA,TATO,Male,67.96,Adult,0,0,0,1,0,0,0,0,0,0,0,0,1,0,4753.0552
PRNTHMIT_2015,PRNTHMIT_20150520_TATO_002,PRNTHMIT,CA,TATO,Male,68.08,Adult,0,0,0,0,0,0,0,0,0,0,0,0,0,0,765.9935
PRNTHMIT_2015,PRNTHMIT_20150520_TATO_003,PRNTHMIT,CA,TATO,Female,59.18,Adult,0,0,0,0,0,2,0,0,0,0,0,0,1,0,2837.2407
PRNTHMIT_2015,PRNTHMIT_20150520_TATO_004,PRNTHMIT,CA,TATO,Female,61.29,Adult,0,0,0,0,0,0,0,0,0,0,0,0,0,0,4211.694
PRNTHMIT_2015,PRNTHMIT_20150520_TATO_005,PRNTHMIT,CA,TATO,Female,64.77,Adult,0,1,0,0,0,0,0,0,0,0,0,0,0,0,3393.8895
PRNTHMIT_2015,PRNTHMIT_20150520_TATO_006,PRNTHMIT,CA,TATO,Female,56.72,Adult,0,0,0,0,0,1,0,0,0,0,0,0,1,0,3739.3528
PRNTHMIT_2015,PRNTHMIT_20150520_TATO_007,PRNTHMIT,CA,TATO,Female,82.08,Adult,0,0,0,0,0,0,0,0,0,0,0,0,0,0,3012.9759
PRNTHMIT_2015,PRNTHMIT_20150520_TATO_008,PRNTHMIT,CA,TATO,Female,55.74,Adult,0,0,0,0,1,0,0,0,0,0,0,0,1,0,2906.0326
PRNTHMIT_2015,PRNTHMIT_20150520_TATO_009,PRNTHMIT,CA,TATO,Male,70.23,Adult,0,0,0,0,0,0,0,0,0,0,0,0,0,1,3763.1813
PRNTHMIT_2015,PRNTHMIT_20150520_TATO_010,PRNTHMIT,CA,TATO,Female,79.15,Adult,0,0,0,0,0,0,0,0,0,0,0,0,1,0,4685.8846
PRNTHOWL_2015,PRNTHOWL_20150520_TAGR_001,PRNTHOWL,CA,TAGR,Female,77.68,Adult,0,0,0,2,0,0,0,0,0,0,0,0,0,0,3132.9315
PRNTHOWL_2015,PRNTHOWL_20150520_TAGR_002,PRNTHOWL,CA,TAGR,Male,63.71,Adult,0,0,0,0,0,0,0,0,0,0,0,0,1,0,3691.5084
PRNTHOWL_2015,PRNTHOWL_20150520_TAGR_003,PRNTHOWL,CA,TAGR,Female,74.85,Adult,0,0,0,0,0,2,0,0,0,0,0,0,0,0,11327.1137
PRNTHOWL_2015,PRNTHOWL_20150520_TAGR_004,PRNTHOWL,CA,TAGR,Male,77.68,Adult,0,0,0,0,0,0,0,0,0,0,0,0,0,0,31892.548
PRNTHOWL_2015,PRNTHOWL_20150520_TAGR_005,PRNTHOWL,CA,TAGR,Male,70.19,Adult,0,0,0,0,0,9,0,0,0,0,0,0,0,0,0
PRNTHOWL_2015,PRNTHOWL_20150520_TAGR_006,PRNTHOWL,CA,TAGR,Female,64,Adult,0,0,0,0,0,0,0,0,0,0,0,0,0,0,5460.8553
PRNTHOWL_2015,PRNTHOWL_20150520_TAGR_007,PRNTHOWL,CA,TAGR,Female,64.21,Adult,0,0,0,0,0,0,0,0,0,0,0,0,0,0,15349.6116
PRNTHOWL_2015,PRNTHOWL_20150520_TAGR_009,PRNTHOWL,CA,TAGR,Female,61.67,Adult,0,0,0,0,0,1,0,0,0,0,0,0,,0,
PRNTHOWL_2015,PRNTHOWL_20150520_TATO_002,PRNTHOWL,CA,TATO,Female,78.76,Adult,0,0,0,0,0,0,0,0,0,0,0,0,0,0,16151.4309
PRNTHOWL_2015,PRNTHOWL_20150520_TATO_003,PRNTHOWL,CA,TATO,Male,60.61,Adult,0,0,0,0,0,1,0,0,0,0,0,0,1,0,4867.4558
PRNTHOWL_2015,PRNTHOWL_20150520_TATO_005,PRNTHOWL,CA,TATO,Male,63.78,Adult,0,0,0,0,2,0,0,0,0,0,0,0,0,0,193.7585
PRNTHOWL_2015,PRNTHOWL_20150520_TATO_006,PRNTHOWL,CA,TATO,Male,71.9,Adult,0,0,0,0,0,3,0,0,0,0,0,0,0,1,4090.148
PRNTHOWL_2015,PRNTHOWL_20150520_TATO_007,PRNTHOWL,CA,TATO,Male,93.47,Adult,0,1,0,0,0,0,0,0,0,0,0,0,0,0,4774.4521
PRNTHOWL_2015,PRNTHOWL_20150520_TATO_008,PRNTHOWL,CA,TATO,Male,72.79,Adult,0,0,0,0,1,0,0,0,0,0,0,0,0,0,3759.853
PRNTHOWL_2015,PRNTHOWL_20150520_TATO_009,PRNTHOWL,CA,TATO,Male,62.11,Adult,0,0,0,0,0,0,0,0,0,0,0,0,0,1,3293.9671
PRNTHOWL_2015,PRNTHOWL_20150520_TATO_010,PRNTHOWL,CA,TATO,Male,72.89,Adult,0,0,0,0,0,0,0,0,0,0,0,0,0,0,4161.7378
PRPND008_2015,PRPND008_20150624_TATO_002,PRPND008,CA,TATO,Male,72.73,Adult,0,0,0,0,0,2,0,0,0,0,0,0,0,0,14448.0276
PRPND012_2015,PRPND012_20150707_TAGR_001,PRPND012,CA,TAGR,Female,73.25,Adult,0,1,0,0,0,0,0,0,0,0,0,0,0,0,
PRPND014_2015,PRPND014_20150418_TATO_001,PRPND014,CA,TATO,Female,66.47,Adult,0,0,0,0,0,2,0,0,0,0,0,0,,0,
PRPND014_2015,PRPND014_20150418_TATO_002,PRPND014,CA,TATO,Female,68.1,Adult,0,0,0,0,0,24,0,0,0,0,0,0,,1,
PRPND014_2015,PRPND014_20150418_TATO_003,PRPND014,CA,TATO,Female,70.83,Adult,0,0,0,0,1,0,0,0,0,0,0,0,,0,
PRPND014_2015,PRPND014_20150418_TATO_004,PRPND014,CA,TATO,Female,78.06,Adult,5,0,0,0,2,0,0,0,0,0,0,0,,0,
PRPND014_2015,PRPND014_20150418_TATO_005,PRPND014,CA,TATO,Female,65.96,Adult,0,0,0,0,0,19,0,0,0,0,0,0,,1,
PRPND014_2015,PRPND014_20150502_TAGR_001,PRPND014,CA,TAGR,Male,73.89,Adult,0,0,0,0,0,0,0,0,0,0,0,0,,0,
PRPND014_2015,PRPND014_20150502_TAGR_106,PRPND014,CA,TAGR,Male,77.47,Adult,0,0,1,0,0,0,0,0,0,0,0,0,,0,
PRPND014_2015,PRPND014_20150513_TAGR_001,PRPND014,CA,TAGR,Male,78.92,Adult,0,0,0,0,0,0,0,0,0,0,0,0,0,0,
PRPND014_2015,PRPND014_20150513_TAGR_002,PRPND014,CA,TAGR,Male,75.38,Adult,0,0,0,0,0,0,0,0,0,0,0,0,0,0,
PRPND014_2015,PRPND014_20150513_TAGR_003,PRPND014,CA,TAGR,Male,65.51,Adult,0,0,0,0,0,1,0,0,0,0,0,0,0,0,
PRPND014_2015,PRPND014_20150513_TAGR_004,PRPND014,CA,TAGR,Female,67.18,Adult,0,0,0,0,0,0,0,0,0,0,0,0,0,0,2115.1499
PRPND014_2015,PRPND014_20150513_TAGR_005,PRPND014,CA,TAGR,Male,84.74,Adult,0,0,0,0,0,3,0,0,0,0,0,0,0,0,
PRPND014_2015,PRPND014_20150513_TAGR_006,PRPND014,CA,TAGR,Female,57.54,Adult,0,0,0,0,0,0,0,0,0,0,0,0,1,0,3269.4893
PRPND014_2015,PRPND014_20150513_TAGR_007,PRPND014,CA,TAGR,Female,81.7,Adult,0,0,1,0,0,0,0,0,0,0,0,0,0,0,
PRPND014_2015,PRPND014_20150513_TAGR_008,PRPND014,CA,TAGR,Male,72.08,Adult,0,0,0,0,0,0,0,0,0,0,0,0,0,0,3408.1223
PRPND014_2015,PRPND014_20150513_TATO_001,PRPND014,CA,TATO,Female,81.2,Adult,0,0,3,0,3,26,0,0,0,0,0,0,0,0,
PRPND014_2015,PRPND014_20150513_TATO_002,PRPND014,CA,TATO,Female,61.27,Adult,0,0,0,0,0,146,0,0,0,0,0,0,0,0,
PRPND014_2015,PRPND014_20150513_TATO_003,PRPND014,CA,TATO,Male,81.37,Adult,0,0,0,0,5,41,0,0,0,0,0,0,0,0,
PRPND014_2015,PRPND014_20150513_TATO_004,PRPND014,CA,TATO,Male,67.42,Adult,0,0,0,0,4,1,0,0,0,0,0,0,0,0,3124.362
PRPND014_2015,PRPND014_20150513_TATO_005,PRPND014,CA,TATO,Male,62.12,Adult,0,0,0,0,0,0,0,0,0,0,0,0,1,0,3334.9039
PRPND014_2015,PRPND014_20150513_TATO_006,PRPND014,CA,TATO,Female,65,Adult,0,0,0,0,2,95,0,0,0,0,0,0,1,0,
PRPND014_2015,PRPND014_20150513_TATO_007,PRPND014,CA,TATO,Male,61.39,Adult,0,0,0,0,2,1,0,0,0,0,0,0,1,1,
PRPND015_2015,PRPND015_20150418_TATO_001,PRPND015,CA,TATO,Female,66.25,Adult,0,0,0,0,0,1,0,0,0,0,0,0,,0,
RLSNKGCP_2015,RLSNKGCP_20150604_TATO_001,RLSNKGCP,CA,TATO,Male,80.65,Adult,0,0,0,0,0,0,0,0,0,0,0,0,0,1,2184.6908
VPPND001_2015,VPPND001_20150528_TATO_001,VPPND001,CA,TATO,Male,69.09,Adult,0,0,0,0,3,2,0,0,0,0,0,0,0,0,2493.8179
VPPND004_2015,VPPND004_20150528_TATO_002,VPPND004,CA,TATO,Male,76.73,Adult,0,0,0,0,4,10,0,0,0,0,0,0,0,0,2741.2028
VPPND004_2015,VPPND004_20150528_TATO_003,VPPND004,CA,TATO,Male,72.24,Adult,0,0,0,0,2,0,0,0,0,0,0,0,0,0,3252.5529
VPPND004_2015,VPPND004_20150528_TATO_004,VPPND004,CA,TATO,Male,69.52,Adult,0,0,0,0,12,15,0,0,0,0,0,0,0,0,1379.6229
